gps_id,user_id,latitude,longitude,timestamp,speed_kmh,accuracy_m
1,U001,19.9975,73.7898,2026-09-28 09:00:00,18.5,5.2
2,U001,19.9981,73.7904,2026-09-28 09:05:00,22.1,4.8
3,U001,19.9988,73.7912,2026-09-28 09:10:00,25.7,5.1
4,U001,19.9994,73.7920,2026-09-28 09:15:00,27.3,4.6
5,U001,20.0001,73.7928,2026-09-28 09:20:00,21.9,5.0
6,U002,19.9958,73.7865,2026-09-28 09:00:00,12.4,6.1
7,U002,19.9964,73.7872,2026-09-28 09:05:00,16.8,5.7
8,U002,19.9970,73.7880,2026-09-28 09:10:00,19.2,5.3
9,U002,19.9977,73.7887,2026-09-28 09:15:00,23.6,5.0
10,U002,19.9983,73.7895,2026-09-28 09:20:00,20.1,4.9
11,U003,20.0012,73.7940,2026-09-28 10:00:00,8.5,7.2
12,U003,20.0018,73.7947,2026-09-28 10:05:00,11.3,6.5
13,U003,20.0025,73.7955,2026-09-28 10:10:00,14.8,6.0
14,U003,20.0031,73.7963,2026-09-28 10:15:00,17.5,5.6
15,U003,20.0038,73.7971,2026-09-28 10:20:00,19.4,5.2
16,U004,19.9905,73.7812,2026-09-28 11:00:00,31.2,4.5
17,U004,19.9912,73.7820,2026-09-28 11:05:00,34.8,4.2
18,U004,19.9920,73.7828,2026-09-28 11:10:00,36.1,4.0
19,U004,19.9928,73.7836,2026-09-28 11:15:00,29.7,4.4
20,U004,19.9936,73.7844,2026-09-28 11:20:00,26.3,4.7