device_id,latitude,longitude,timestamp,geometry,quality_score
D001,19.9975,73.7898,2026-09-27 08:00:00,,100
D001,19.9985,73.7910,2026-09-27 08:05:00,,100
D001,20.0000,73.7930,2026-09-27 08:10:00,,95
D001,20.0030,73.7960,2026-09-27 08:15:00,,95
D001,20.0055,73.7990,2026-09-27 08:20:00,,90
D002,19.9900,73.7800,2026-09-27 09:00:00,,100
D002,19.9902,73.7802,2026-09-27 09:05:00,,100
D002,19.9903,73.7803,2026-09-27 09:10:00,,100
D002,19.9920,73.7830,2026-09-27 09:15:00,,95
D002,19.9950,73.7870,2026-09-27 09:20:00,,95
D003,20.0100,73.8000,2026-09-27 10:00:00,,100
D003,20.0115,73.8020,2026-09-27 10:05:00,,100
D003,20.0130,73.8045,2026-09-27 10:10:00,,100
D003,20.0160,73.8080,2026-09-27 10:15:00,,90
D003,20.0200,73.8120,2026-09-27 10:20:00,,90