device_id,latitude,longitude,timestamp,geometry,quality_score,time_difference_seconds,time_difference_minutes,distance_km,speed_kmh,movement_status,abnormal_speed,cumulative_distance_km
D001,19.9975,73.7898,2026-09-27 08:00:00,,100,,,0.0,0.0,STATIONARY,False,0.0
D001,19.9985,73.791,2026-09-27 08:05:00,,100,300.0,5.0,0.1676,2.01,STATIONARY,False,0.1676
D001,20.0,73.793,2026-09-27 08:10:00,,95,300.0,5.0,0.2674,3.21,MOVING,False,0.435
D001,20.003,73.796,2026-09-27 08:15:00,,95,300.0,5.0,0.4578,5.49,MOVING,False,0.8928
D001,20.0055,73.799,2026-09-27 08:20:00,,90,300.0,5.0,0.419,5.03,MOVING,False,1.3118
D002,19.99,73.78,2026-09-27 09:00:00,,100,,,0.0,0.0,STATIONARY,False,0.0
D002,19.9902,73.7802,2026-09-27 09:05:00,,100,300.0,5.0,0.0305,0.37,STATIONARY,False,0.0305
D002,19.9903,73.7803,2026-09-27 09:10:00,,100,300.0,5.0,0.0153,0.18,STATIONARY,False,0.0458
D002,19.992,73.783,2026-09-27 09:15:00,,95,300.0,5.0,0.3396,4.08,MOVING,False,0.3854
D002,19.995,73.787,2026-09-27 09:20:00,,95,300.0,5.0,0.5348,6.42,MOVING,False,0.9202
D003,20.01,73.8,2026-09-27 10:00:00,,100,,,0.0,0.0,STATIONARY,False,0.0
D003,20.0115,73.802,2026-09-27 10:05:00,,100,300.0,5.0,0.2674,3.21,MOVING,False,0.2674
D003,20.013,73.8045,2026-09-27 10:10:00,,100,300.0,5.0,0.3099,3.72,MOVING,False,0.5773
D003,20.016,73.808,2026-09-27 10:15:00,,90,300.0,5.0,0.495,5.94,MOVING,False,1.0723
D003,20.02,73.812,2026-09-27 10:20:00,,90,300.0,5.0,0.6103,7.32,MOVING,False,1.6826
